IssueID	ConversationURL	Label	Model
fe59bbe8	https://chat.openai.com/share/1ac2e636-4df9-4255-bc4c-1760ee340f62	Validation	GPT-3.5
fe066f3b	https://chat.openai.com/share/7b83f86f-4675-431e-96aa-c4871031522a	Ideation	GPT-3.5
fdce14dd	https://chat.openai.com/share/f732c824-abe6-45d7-9688-e37cdf7c726b	Validation	GPT-4
fd434236	https://chat.openai.com/share/64fe813a-9565-4823-a426-b1d33cf4e5f0	Ideation	GPT-4
fce56c6e	https://chat.openai.com/share/e5429575-91aa-4585-9332-aa926bfd0085	Troubleshooting	GPT-4
fcd811d6	https://chat.openai.com/share/00f50194-2715-4ad2-aee0-ebd76ba4f059	Troubleshooting	GPT-4
fcb435ce	https://chat.openai.com/share/04b7f69f-6f5c-4602-9283-5d942669bccb	Other	GPT-4
fc4c83ea	https://chat.openai.com/share/6811c6fd-4a1f-4e2c-9fe9-927a64ee8aee	Synthesis	GPT-4
fa83bc71	https://chat.openai.com/share/a68b60db-c7a2-493c-b9e8-3ff4502ca20e	Other	GPT-4-PLUGINS
fa820651	https://chat.openai.com/share/7020ce72-65fc-45ec-b7be-9d9d798a5f3f	Troubleshooting	GPT-4
fa1a3ae2	https://chat.openai.com/share/48fbc5e3-db1f-4879-8f9c-1b473e0d4877	Troubleshooting	GPT-3.5
f92eca80	https://chat.openai.com/share/a9811e15-29df-462a-9134-b7b231d79133	Ideation	GPT-3.5
f8d48b22	https://chat.openai.com/share/0233d7e5-7286-4416-9f51-150c77dafe80	Synthesis	GPT-4-PLUGINS
f8bd716d	https://chat.openai.com/share/7faf4574-49a3-4e3b-9bd0-016f62f864c9	Validation	GPT-4-CODE-INTERPRETER
f8ba64a2	https://chat.openai.com/share/9d81764c-6d88-4177-a3e1-f1ff19a544ce	Ideation	GPT-4
f88deaed	https://chat.openai.com/share/f35a1b48-461c-4dd6-bd44-f19d0fdbe45c	Ideation	GPT-4-PLUGINS
f85b87ed	https://chat.openai.com/share/ba9f7701-ee2b-4cf2-ba2a-fc995440759b	Refractoring	GPT-3.5
f76c8b84	https://chat.openai.com/share/81939500-1ece-49f6-9104-79e5c0044fac	Ideation	GPT-4
f706c5f8	https://chat.openai.com/share/7448e572-e8b6-43d3-8d74-5533bd74a219	Ideation	GPT-4
f64fb1e6	https://chat.openai.com/share/12420724-2055-4cf5-bb4b-4a5ed06ee771	Troubleshooting	GPT-4
f506f4b0	https://chat.openai.com/share/cdf181c2-798a-4cd6-95e5-5e3ab70fb04d	Troubleshooting	GPT-4
f3bd22e0	https://chat.openai.com/share/9ffe8416-29b0-4652-8cba-d85689fe4e70	Synthesis	GPT-3.5
f362eba8	https://chat.openai.com/share/1ba5b54e-37dd-4d95-b598-9c767bfb29dd	Understanding	GPT-3.5
f3499c40	https://chat.openai.com/share/c8c101fa-aaae-4953-ac4f-f81b66d88783	Ideation	GPT-3.5
f1ea245f	https://chat.openai.com/share/1f09a391-17dc-499f-8e52-df01e211f2a2	Ideation	GPT-3.5
ed82af90	https://chat.openai.com/share/24883a64-920a-4211-a3f0-d145761de640	Synthesis	GPT-3.5
ed213789	https://chat.openai.com/share/902cd378-3ebc-4e35-99ed-e63c7150c6ad	Synthesis	GPT-4
ebfd9be3	https://chat.openai.com/share/98c62099-ea6c-48f6-bfd0-4369538d01e8	Ideation	GPT-3.5
e9f60b40	https://chat.openai.com/share/b5e1a34e-e365-4455-8d17-265ef80101c0	Troubleshooting	GPT-4
e9d8be37	https://chat.openai.com/share/234346e6-225a-4faf-8e02-f6ee08af7875	Refractoring	GPT-3.5
e8bcc012	https://chat.openai.com/share/add5457c-1a7f-4f90-b6ca-368c5ca8b5bc	Ideation	GPT-3.5
e8655766	https://chat.openai.com/share/6413d8d1-98f2-48b6-bb52-f684b30c41d2	Understanding	GPT-3.5
e81cb7c0	https://chat.openai.com/share/29a25377-786f-4690-b146-12acb6acb75b	Understanding	GPT-4-CODE-INTERPRETER
e62bd922	https://chat.openai.com/share/41409ce2-fe94-4c74-b425-f0760f9d1ca3	Troubleshooting	GPT-3.5
e5dc14da	https://chat.openai.com/share/84e6ce44-5ab4-4cb6-8072-cc9f22676e74	Understanding	GPT-3.5
e5be23a4	https://chat.openai.com/share/c08923f2-f346-4f75-a701-32493ae2bd22	Synthesis	GPT-3.5
e40a9e42	https://chat.openai.com/share/440407a1-df1c-4f1e-84b9-76ffec9fd918	Ideation	GPT-3.5
e308e942	https://chat.openai.com/share/b0211dfa-e035-4c0a-8836-5dcccf1cb98f	Ideation	GPT-4
e26331b0	https://chat.openai.com/share/75f57f32-c9fe-4faa-b6af-ffb450fabed4	Ideation	GPT-4
e155fd4e	https://chat.openai.com/share/4ccb3c55-c4e0-4e7e-9c30-ed6a64258f20	Refractoring	GPT-3.5
dd7bc643	https://chat.openai.com/share/6c356c82-3607-4c92-8271-99144239b1ae	Troubleshooting	GPT-4-PLUGINS
dd2d4f3b	https://chat.openai.com/share/ff041b92-992d-40f0-b411-42a49ff0b3e3	Ideation	GPT-4
dc35baab	https://chat.openai.com/share/72291c54-8109-4c33-bc23-7aef3598a821	Synthesis	GPT-4
dc275f90	https://chat.openai.com/share/c553d5c1-3c73-4ffa-aae3-698e002ccdef	Ideation	GPT-3.5
dc07ae66	https://chat.openai.com/share/0f2326c4-d702-4979-868c-83569d992712	Ideation	GPT-4
d9387f56	https://chat.openai.com/share/6a1540fa-3219-4ec2-a3c3-c9759df2fe36	Synthesis	GPT-4
d8b639da	https://chat.openai.com/share/804348f0-7273-44ee-95c4-edf3af3dbd1a	Troubleshooting	GPT-4
d762e945	https://chat.openai.com/share/23571316-f855-4456-8291-989b97d7476e	Ideation	GPT-3.5
d662c86e	https://chat.openai.com/share/f35a1b48-461c-4dd6-bd44-f19d0fdbe45c	Ideation	GPT-4-PLUGINS
d5b18c0a	https://chat.openai.com/share/994b3d20-5bc4-4954-8abe-f53ddabc90ca	Ideation	GPT-4
d463e297	https://chat.openai.com/share/5829196a-05cb-4b84-abef-9cad16bca6b0	Understanding	GPT-4-PLUGINS
d4589cc1	https://chat.openai.com/share/8342213e-6c3b-4f62-a9a6-bf8152342552	Ideation	GPT-4-PLUGINS
d45076de	https://chat.openai.com/share/c18aff35-93b2-4274-83c3-dc005b4812a2	Troubleshooting	GPT-4
d36c114c	https://chat.openai.com/share/b5c15371-5bea-4b41-b3cd-5aa3e266d755	Validation	GPT-4-BROWSING
d347153a	https://chat.openai.com/share/184ff4fa-49c5-40f6-9d6c-0a0b2d13971b	Validation	GPT-3.5
d31bb1b6	https://chat.openai.com/share/a7b5f884-6830-4e43-a363-2043a8c68957	Ideation	GPT-4
d2fd58e8	https://chat.openai.com/share/94837b28-e8d4-468a-9c93-d4d47028f027	Refractoring	GPT-4
d2d41d15	https://chat.openai.com/share/e36d054d-0428-49da-9595-755da83ceb63	Validation	GPT-3.5
cfd9be6a	https://chat.openai.com/share/02f8070b-e5a9-48fd-8e6c-c1f14717a33e	Synthesis	GPT-4-GIZMO
cde3eeb6	https://chat.openai.com/share/f295d118-0c57-4ced-a823-8cd832e71ba6	Understanding	GPT-4
cd4b78e0	https://chat.openai.com/share/ed17cd4e-d32a-4162-b400-a01877f026d1	Understanding	GPT-4-PLUGINS
cc8df1f5	https://chat.openai.com/share/1f311605-ce61-4b5b-b702-ba8c41e6833a	Understanding	GPT-4
cb4e45ed	https://chat.openai.com/share/859d9889-f3bd-42a4-aa27-b28ab8fd2052	Synthesis	GPT-3.5
ca31735b	https://chat.openai.com/share/892bd94c-076c-4a5d-9224-f7feeca3d794	Understanding	GPT-4
c9fb965d	https://chat.openai.com/share/ec8cffec-b5b0-4f42-8618-34c7d39636d8	Understanding	GPT-4
c8363e03	https://chat.openai.com/share/0e785865-621b-4fb3-ba05-7449e57c8496	Synthesis	GPT-4-CODE-INTERPRETER
c7112fa3	https://chat.openai.com/share/5237c5e3-37aa-4adb-8110-0ae5b90f6b7c	Ideation	GPT-4
c5f9aa8f	https://chat.openai.com/share/52305262-66c1-4b11-92e0-b81694dae809	Ideation	GPT-3.5
c203ce10	https://chat.openai.com/share/d048a71d-effe-4114-ba4a-6f296c550f40	Synthesis	GPT-4
beba23b7	https://chat.openai.com/share/98549886-db01-4c4c-8c9c-5c3bce26ea42	Understanding	GPT-3.5
be38aefa	https://chat.openai.com/share/e6d0fb78-665f-4fe0-ae8a-761f41cda357	Understanding	GPT-4-PLUGINS
be0cdbb7	https://chat.openai.com/share/6f0a0a59-77cc-4314-acf6-f75daa0a2269	Ideation	GPT-4
be0248cd	https://chat.openai.com/share/a0ba1c0d-9146-4d22-8e7b-725666094dd5	Other	GPT-4
bd27e9d9	https://chat.openai.com/share/84e21033-a2fe-4330-b9c2-23feb9da71a2	Synthesis	GPT-3.5
bce5809a	https://chat.openai.com/share/f6a7e2ff-f905-4c6d-9c5f-20d64a149b49	Refractoring	GPT-3.5
bbe326a9	https://chat.openai.com/share/d24a4ab2-776a-4047-bf31-be298af2a707	Understanding	GPT-4
bb79aee8	https://chat.openai.com/share/21cb08d6-527b-43d6-9d8b-d38cd759846d	Troubleshooting	GPT-3.5
b967cd10	https://chat.openai.com/share/db235ad2-b71b-4835-9196-2bfdeaf5243e	Troubleshooting	GPT-3.5
b8f85c8d	https://chat.openai.com/share/433aae7b-b61f-4af1-8a76-691fd74605d6	Troubleshooting	GPT-4
b8508e91	https://chat.openai.com/share/bdd1a777-5b28-4177-b330-6e6993c97a67	Ideation	GPT-4
b7e8852d	https://chat.openai.com/share/d8c0a9f5-b106-4f18-a3d3-cff3dca4873c	Ideation	GPT-3.5
b7e6b067	https://chat.openai.com/share/2385cac0-318c-4fa9-b926-a900a21743de	Refractoring	GPT-3.5
b76fff71	https://chat.openai.com/share/d9f470d2-2a67-4b4e-ab66-608e75e22f7d	Understanding	GPT-3.5
b6e4b742	https://chat.openai.com/share/f3ab7787-adff-410f-9ef2-576ba5c1f4f4	Synthesis	GPT-4
b6d2a42e	https://chat.openai.com/share/17bc4206-8b9d-48bc-8e41-a9185fe8baad	Synthesis	GPT-3.5
b61a9631	https://chat.openai.com/share/4d816a9a-67c0-4a14-9f0c-eca6a4da3a2b	Understanding	GPT-4-PLUGINS
b57f74ae	https://chat.openai.com/share/034bdfc3-ce8d-42f7-9d60-884925a75145	Troubleshooting	GPT-4
b5237057	https://chat.openai.com/share/c148dafe-6660-44e3-8fc6-f1bfb3e7e03d	Refractoring	GPT-3.5
b4dfa310	https://chat.openai.com/share/ad1ce898-ed78-4638-bfdf-ed5c757d6e07	Understanding	GPT-4
b37aa167	https://chat.openai.com/share/4bea6d17-2817-454e-94ad-04bd2e9f0c8d	Synthesis	GPT-3.5
b30ab787	https://chat.openai.com/share/d51da5f1-ab2d-4768-9101-d7fb349098f9	Synthesis	GPT-3.5
b2b9737e	https://chat.openai.com/share/64ccde15-fcd1-424c-a98b-dfbf50f81ce1	Synthesis	GPT-3.5
b21f5d8a	https://chat.openai.com/share/2419df9d-3159-4225-b719-7682f82d0768	Ideation	GPT-4-CODE-INTERPRETER
b0954ede	https://chat.openai.com/share/dc460461-5653-44b6-b996-3e00ace11f98	Refractoring	GPT-3.5
af94bb8c	https://chat.openai.com/share/d4f3ace0-7e36-4a40-bad3-4d70b356c476	Synthesis	GPT-4
add28b14	https://chat.openai.com/share/6e8b7c33-f160-40ef-8446-b9ef2de82c8d	Troubleshooting	GPT-4
ac91fdf8	https://chat.openai.com/share/245724e7-0a3c-4001-9fef-fb72c4a4acc6	Synthesis	GPT-3.5
a9867bdb	https://chat.openai.com/share/69db5478-225a-450e-b8fb-fea7c37fcc7e	Other	GPT-3.5
a9235595	https://chat.openai.com/share/42db1717-01c6-4bf8-856b-fb8b190f90a8	Ideation	GPT-4-GIZMO
a8124f6d	https://chat.openai.com/share/cd35a451-f3c4-4bee-a362-ac011bc64d3f	Troubleshooting	GPT-4
a7847f69	https://chat.openai.com/share/94a7fa2d-5f73-4f9f-b2ba-681ed324ae35	Understanding	GPT-4
a5681a22	https://chat.openai.com/share/b6046273-519f-4e13-a763-fe38d2c0aeae	Refractoring	GPT-3.5
a468f742	https://chat.openai.com/share/7569c1ee-048f-49d8-bd53-80076f4c62a0	Synthesis	GPT-4
a3566b36	https://chat.openai.com/share/44f23178-9ba0-4f32-bbc3-ea16d39ea7ff	Troubleshooting	GPT-4
a2a244b1	https://chat.openai.com/share/452fcec7-ae51-49ab-9e0e-b22bd9c0e059	Troubleshooting	GPT-4
a1fbbac3	https://chat.openai.com/share/a603b72c-7a2c-4ada-a6b4-d5942845abc8	Refractoring	GPT-4
a17bfdde	https://chat.openai.com/share/a3622816-ce00-455e-a178-a75791555e5a	Synthesis	GPT-4
a13b5b3c	https://chat.openai.com/share/e9f1388e-d789-4c41-9637-2f4ffe5d4cb1	Ideation	GPT-4
9d2b7d68	https://chat.openai.com/share/dda1e1e2-f52f-49c1-ac2e-ece2f0488cb7	Ideation	GPT-4
9ce3c858	https://chat.openai.com/share/0dbf00c3-3feb-423c-98aa-7a4cca89023c	Synthesis	GPT-4
9c16041e	https://chat.openai.com/share/b45c5ded-c374-416d-9ddf-37ad568fd595	Refractoring	GPT-3.5
9a0d7272	https://chat.openai.com/share/883c83e4-b18d-42fc-b7a4-7a14b799117b	Troubleshooting	GPT-4
99e62425	https://chat.openai.com/share/5c278e14-8e99-4a46-b287-23837601e73e	Other	GPT-3.5
98737a70	https://chat.openai.com/share/fed82128-5e4b-449b-abfe-925c21449285	Synthesis	GPT-3.5
92c9f3a9	https://chat.openai.com/share/65a0a5eb-2ac7-478b-87d9-7a62b3471ab2	Ideation	GPT-3.5
92ba39a5	https://chat.openai.com/share/5202af8e-971e-4156-bbfe-daed1ffcc894	Synthesis	GPT-3.5
9275931f	https://chat.openai.com/share/78201a3f-2901-4c13-87ae-efde11777add	Understanding	GPT-4
91ee31eb	https://chat.openai.com/share/35162ac1-0ac3-4caa-91b8-4ee34f7879d5	Ideation	GPT-4
902be045	https://chat.openai.com/share/0045ed03-f597-4a24-9d20-25eba0d6fe54	Ideation	GPT-3.5
8fb6446c	https://chat.openai.com/share/6feb31c9-6514-4021-a8fe-bd104a53fe8d	Troubleshooting	GPT-3.5
8f779c2e	https://chat.openai.com/share/4de0b995-cbe1-4091-8a02-e8b80cfad447	Understanding	GPT-4
8ef0f81c	https://chat.openai.com/share/ec50f5d6-714c-4b9e-ac60-d64ecb656c3b	Refractoring	GPT-3.5
8ecb96c1	https://chat.openai.com/share/245724e7-0a3c-4001-9fef-fb72c4a4acc6	Refractoring	GPT-3.5
8e6bf045	https://chat.openai.com/share/bd221024-c3c6-42df-84ba-61ed2d8b9b1b	Ideation	GPT-4
8e0379eb	https://chat.openai.com/share/d20ee9b8-f664-4aee-bc3b-96c2c1abdf9f	Ideation	GPT-3.5
8d873fe9	https://chat.openai.com/share/3793c306-2c49-4e24-8a6c-1361df347fa7	Ideation	GPT-3.5
8ba5d0c9	https://chat.openai.com/share/8f825dac-d02f-43bc-87ab-289a2e06c17c	Other	GPT-3.5
8b1466a7	https://chat.openai.com/share/6bd77c22-af6c-48d3-a6ec-94d15b13c79d	Troubleshooting	GPT-4
8aeb2dc3	https://chat.openai.com/share/6f36bdca-a083-4d64-8aa8-640d2c1a85ce	Other	GPT-4
8a82770b	https://chat.openai.com/share/884e75dd-3dc0-49a4-926a-5085cc7086ae	Refractoring	GPT-3.5
890bc8cb	https://chat.openai.com/share/e6697bdc-e7a4-4b44-9232-d1f4ad1f6361	Synthesis	GPT-4
8857a812	https://chat.openai.com/share/7ddeca53-1174-4686-b82d-0ad305d2d1d3	Ideation	GPT-4
87fc69c7	https://chat.openai.com/share/40ca074c-8f11-4d57-9d6e-45297c2008d0	Refractoring	GPT-4
8724bbcb	https://chat.openai.com/share/cb1578c4-f538-46e4-9f75-f14dabfb6f39	Ideation	GPT-4-PLUGINS
86db2d87	https://chat.openai.com/share/13bdb528-55f6-4aa5-a8c5-c919bdfeb689	Ideation	GPT-4
865c8154	https://chat.openai.com/share/ef9998f6-6d2a-4643-8e08-97fc4ecaf862	Understanding	GPT-4
85a65a56	https://chat.openai.com/share/2910e2d6-9e9c-4288-84cf-32de5867d51b	Ideation	GPT-4
835f1980	https://chat.openai.com/share/15083d5c-839a-4255-bafa-093d8b99a8b4	Troubleshooting	GPT-4
82e1f572	https://chat.openai.com/share/50adc60f-1ea3-4e14-af7f-38466b063604	Synthesis	GPT-3.5
7f9b139c	https://chat.openai.com/share/9b894eba-2a52-4ada-95e6-e694bb98d3fa	Validation	GPT-4
7eda5b52	https://chat.openai.com/share/04d5f99e-7ef6-49c3-8ecc-4ef63fd0de66	Synthesis	GPT-3.5
7ec6e75a	https://chat.openai.com/share/7214f2e7-853c-46dd-844a-5de6af6934da	Understanding	GPT-4
7e2e7e5b	https://chat.openai.com/share/ea806555-dfea-4516-b542-5ac45a6790e8	Synthesis	GPT-3.5
7cffb572	https://chat.openai.com/share/b1ced529-b18b-4284-8a72-682c5596ee88	Troubleshooting	GPT-4-GIZMO
7caf0d81	https://chat.openai.com/share/9b2fd295-f6f7-472c-ad44-e366f9cba00f	Ideation	GPT-3.5
7aac6ccb	https://chat.openai.com/share/e1758db8-02d8-48f2-ba6f-a0a43139a6b6	Ideation	GPT-3.5
79b093a5	https://chat.openai.com/share/7dae3a07-8663-49bc-8b3c-3488394a8b03	Refractoring	GPT-3.5
793616f5	https://chat.openai.com/share/b937e7e8-1c09-4c96-be08-27551f70c1f4	Understanding	GPT-4
78d02811	https://chat.openai.com/share/f0adfc22-b26a-4e88-8f73-4352a91a3f87	Ideation	GPT-4
7856a689	https://chat.openai.com/share/c2ce8b0a-5fa3-4871-ae5a-7fb46a16ce6a	Understanding	GPT-3.5
77989b2e	https://chat.openai.com/share/ba9f7701-ee2b-4cf2-ba2a-fc995440759b	Refractoring	GPT-3.5
7705efc7	https://chat.openai.com/share/140992ae-c8de-4998-ae0f-7988816f7521	Understanding	GPT-3.5
73e5c760	https://chat.openai.com/share/00c86152-4136-498e-a86d-7b57e95df3dd	Understanding	GPT-4-PLUGINS
71be6cba	https://chat.openai.com/share/ceb8a281-4b9c-4f9b-8667-c562f5f3c9c8	Synthesis	GPT-3.5
71b51cb7	https://chat.openai.com/share/69ae0b0e-7f5f-4ff1-ab9a-c86db91821bf	Ideation	GPT-3.5
70fa49bb	https://chat.openai.com/share/51b5e459-6956-4591-b8a9-beeae0401063	Refractoring	GPT-4-GIZMO
70c72166	https://chat.openai.com/share/e3aa1fb2-8d84-4df8-8cc9-ef700e02e725	Understanding	GPT-3.5
6e35ab97	https://chat.openai.com/share/f4fe07ad-117f-4e2a-b1c5-802bf6d5dbe9	Synthesis	GPT-3.5
6e340137	https://chat.openai.com/share/a53d3e18-57b3-4f51-8ca0-1336db66fcc6	Refractoring	GPT-4
6d8e6b63	https://chat.openai.com/share/08720d55-11d8-4274-94f4-5d35e3340614	Understanding	GPT-4-PLUGINS
6d770365	https://chat.openai.com/share/ad41be9c-03a4-42c0-95b9-38f02ded3209	Troubleshooting	GPT-4
6b811a81	https://chat.openai.com/share/eb7f9271-f429-4794-a9c9-f93338950da5	Understanding	GPT-3.5
6a873e43	https://chat.openai.com/share/44717011-2cef-4a7a-8e4f-76cd1de0feb1	Refractoring	GPT-3.5
68236a15	https://chat.openai.com/share/d684866b-1474-44ae-8112-7d591fbc1a70	Troubleshooting	GPT-3.5
67acece0	https://chat.openai.com/share/24eacd69-b0f3-42c0-905d-77e9559b477b	Validation	GPT-4
674b9181	https://chat.openai.com/share/50956ba3-026d-4df8-b91a-7125bb57866b	Ideation	GPT-4
62e7f6d5	https://chat.openai.com/share/2bd547da-d025-438b-96d0-b98455cb1687	Other	GPT-4
62bf0b24	https://chat.openai.com/share/35439c89-4b66-41be-bc2f-1e3e6e4207a1	Ideation	GPT-4
625afad2	https://chat.openai.com/share/dc42a2a2-f61e-4c91-9993-5b8d5f0334fd	Refractoring	GPT-3.5
61dc562e	https://chat.openai.com/share/f44fdac2-da91-428b-b0dc-b7dcbcfbb605	Ideation	GPT-3.5
61c25fda	https://chat.openai.com/share/7f4540c3-3b1f-4e8d-94b4-d532b05cc0b3	Understanding	GPT-3.5
602e4aa3	https://chat.openai.com/share/0b9e90b1-2a60-43da-864e-eeef47d48fb2	Understanding	GPT-3.5
600b65cb	https://chat.openai.com/share/53878509-f889-465c-ad9d-d38ea0e33611	Troubleshooting	GPT-4
5ec35772	https://chat.openai.com/share/a49c12e4-883a-413f-ad43-592f1f54f09f	Understanding	GPT-3.5
5ea6c2e2	https://chat.openai.com/share/09f5ea99-0aff-4a55-93d9-3f1b9a7d6a31	Other	GPT-4
5dbe7b73	https://chat.openai.com/share/6afa028c-3cfa-40cf-be9f-bf094178d9eb	Ideation	GPT-3.5
5d5a1432	https://chat.openai.com/share/8c00b422-463b-4cfb-91ad-db7b45936dbc	Refractoring	GPT-3.5
5cc99b5e	https://chat.openai.com/share/53a0b68f-b8da-4b21-baef-e5f28b0b4270	Troubleshooting	GPT-3.5
5cad652f	https://chat.openai.com/share/d2884fc8-d9b2-4ec0-8df5-05c6bfbede85	Troubleshooting	GPT-3.5
5a864538	https://chat.openai.com/share/983ee922-f556-429a-af47-a5054601e902	Synthesis	GPT-4
5a6d9587	https://chat.openai.com/share/e55775ca-0e64-42c2-ac35-1b11fcecc55b	Troubleshooting	GPT-3.5
597fe687	https://chat.openai.com/share/2af9d1c2-c10d-4079-a589-cd196f3775f5	Ideation	GPT-3.5
5919aabd	https://chat.openai.com/share/19cc37a0-750f-451a-95cf-acad27efb7b6	Refractoring	GPT-4
58cc821c	https://chat.openai.com/share/41d07169-97e1-41d0-b5d5-e88ca06438a2	Synthesis	GPT-4
58a47714	https://chat.openai.com/share/4cab6288-afd1-4bec-9aa5-da4232dfe0da	Other	GPT-4
589bf002	https://chat.openai.com/share/a8420709-50ba-4531-a08d-592cd16e587a	Validation	GPT-3.5
575b0a25	https://chat.openai.com/share/30ab0b7e-d72c-444f-a228-620b132e9500	Validation	GPT-4-CODE-INTERPRETER
55cb7541	https://chat.openai.com/share/7e908369-7cc3-413b-9f31-05b95de8da86	Troubleshooting	GPT-4-CODE-INTERPRETER
55c25aa5	https://chat.openai.com/share/cabf8952-4248-4fbf-b921-27f365d0b695	Troubleshooting	GPT-3.5
5568a9a7	https://chat.openai.com/share/24346e46-0496-4bac-ab6d-cf8695bc5710	Refractoring	GPT-3.5
54a48452	https://chat.openai.com/share/ecaa6715-473e-49df-883b-4b8e4306d477	Synthesis	GPT-3.5
5373c7aa	https://chat.openai.com/share/24f920e5-58b9-4c80-8d78-b5ba9c17c402	Troubleshooting	GPT-4
53604bba	https://chat.openai.com/share/1333236b-d424-4713-937d-db86fc262652	Synthesis	GPT-3.5
533762f0	https://chat.openai.com/share/b062955d-3601-4051-b6d9-80cef9228233	Synthesis	GPT-4-CODE-INTERPRETER
53167c5a	https://chat.openai.com/share/4b3feffc-438c-492f-80ef-a26a7b026550	Troubleshooting	GPT-4
51740c20	https://chat.openai.com/share/4d07bfe3-72fa-40ff-b476-d26d33cdacee	Ideation	GPT-3.5
4fb6139e	https://chat.openai.com/share/e4dfc48b-7b4a-4dc4-881c-93505d5d52d6	Troubleshooting	GPT-3.5
4e80b368	https://chat.openai.com/share/4a9bc421-35fb-4452-bf93-c8fea1e3c473	Ideation	GPT-4-BROWSING
4e4acbd5	https://chat.openai.com/share/661e5630-4f70-4c60-8c2c-bfbc9f622f0c	Refractoring	GPT-3.5
4e25c758	https://chat.openai.com/share/c0f63626-5023-44f7-9994-1d9e47f12097	Understanding	GPT-4
4dac1716	https://chat.openai.com/share/7bbcfe4e-a568-430a-8eaf-dae87d0d6c9c	Troubleshooting	GPT-4
4bf6a3c1	https://chat.openai.com/share/6a5bd9ed-f67f-4c32-a5d7-96e06de1255d	Troubleshooting	GPT-4-CODE-INTERPRETER
4a2cb07a	https://chat.openai.com/share/98c58466-239e-4868-ba56-b72919f58a65	Understanding	GPT-3.5
49ec00ab	https://chat.openai.com/share/08d26134-5bf0-4a50-a465-87edb9677829	Understanding	GPT-4-CODE-INTERPRETER
49e80d00	https://chat.openai.com/share/6f30f7a9-18d6-4b68-9d20-3f557fb5d7dd	Understanding	GPT-4-GIZMO
49898df5	https://chat.openai.com/share/2736160d-2f1c-4663-b7e7-758d6a922a2c	Understanding	GPT-3.5
48c44f98	https://chat.openai.com/share/5c8783dc-19ed-4b6a-906a-536bcd7089ec	Synthesis	GPT-4-GIZMO
45e054cd	https://chat.openai.com/share/3a0a24aa-02c7-4d32-90ae-5bb2ed1ba485	Refractoring	GPT-3.5
448bb23d	https://chat.openai.com/share/af60cb29-1d38-4feb-a95d-23af5fa12809	Synthesis	GPT-4
4014dce0	https://chat.openai.com/share/5f16a0a8-93ed-4455-9cd1-13531af2fe8f	Ideation	GPT-4
3fbf2f8c	https://chat.openai.com/share/358250b2-5fd1-49d7-b4a5-0ae57f2581ff	Validation	GPT-3.5
3f2bfaaf	https://chat.openai.com/share/326e557e-8727-4617-95af-0eb05f7c3396	Refractoring	GPT-3.5
3e2ad701	https://chat.openai.com/share/ae2a3c76-7385-4fa1-b1a2-2f0b4676449e	Ideation	GPT-4
3cf5e680	https://chat.openai.com/share/f334007f-91a4-4796-9b4e-1d314bf1954a	Refractoring	GPT-4
3cdf140d	https://chat.openai.com/share/b85618ff-b1c3-4c28-b36f-44d35556216c	Ideation	GPT-4
3cd08794	https://chat.openai.com/share/ff98e66f-5207-4475-9f8f-71d233a00cc2	Troubleshooting	GPT-3.5
3cccfb78	https://chat.openai.com/share/a8506849-6efd-49d5-b03c-df77de2cccba	Troubleshooting	GPT-4
3b52bc8e	https://chat.openai.com/share/9e60d3c3-0130-4897-be30-48eb0bd0136d	Understanding	GPT-4
39e08069	https://chat.openai.com/share/c1f74595-5538-4d6d-91ca-3c1753732be8	Synthesis	GPT-4-CODE-INTERPRETER
386db6a5	https://chat.openai.com/share/3c64624c-f8dc-4066-ba69-e86c08a75ee0	Validation	GPT-3.5
36a28951	https://chat.openai.com/share/352adc70-ba9e-4f3e-a40a-fd2c2d4d7770	Ideation	GPT-3.5
3649dea0	https://chat.openai.com/share/79ae18a1-dd79-476f-8b66-4fc72785ed07	Refractoring	GPT-3.5
35b2327b	https://chat.openai.com/share/df7d9ffc-dc50-4107-b198-338f9c2d9f31	Ideation	GPT-4
346a7288	https://chat.openai.com/share/e4b97722-1d26-4743-9f08-0484b5f12204	Refractoring	GPT-4
31bab1b8	https://chat.openai.com/share/58b06cfd-545f-4012-a6f0-c4cf0e27a3d3	Refractoring	GPT-3.5
315b3619	https://chat.openai.com/share/b53e39ef-0e39-4085-a31f-68d56fe7ca02	Troubleshooting	GPT-4
3089fc8c	https://chat.openai.com/share/7a4cc5fb-a206-4d71-84cb-b05021403399	Ideation	GPT-3.5
2e010e7a	https://chat.openai.com/share/ae8a64b5-a088-4735-b977-811312200b25	Synthesis	GPT-3.5
2b713c81	https://chat.openai.com/share/2d398b41-ced9-48ac-ba71-1089abd393fe	Synthesis	GPT-4
2a472c71	https://chat.openai.com/share/9e596556-c973-4792-9968-745df248cab3	Ideation	GPT-3.5
2a040b9f	https://chat.openai.com/share/995ca6b7-6ac9-4fe8-8105-61c9039549b1	Synthesis	GPT-3.5
26fe9827	https://chat.openai.com/share/e24e80bc-ca66-48ff-b0b7-683122d0d18b	Refractoring	GPT-3.5
25ae5539	https://chat.openai.com/share/3461da01-6e49-4324-9ece-cc2be1134f04	Understanding	GPT-4
2594d82c	https://chat.openai.com/share/a9e30c79-f70a-456d-8e54-2ded88bacab0	Synthesis	GPT-3.5
256695a2	https://chat.openai.com/share/c2677c3d-0cd9-4c40-8690-456924591fee	Validation	GPT-3.5
25357d2d	https://chat.openai.com/share/273d1ede-68f9-465f-b3b0-5feb762047bc	Ideation	GPT-4
242925de	https://chat.openai.com/share/27df000c-106f-4e10-b27c-fdf04a3910b3	Synthesis	GPT-3.5
22be65b2	https://chat.openai.com/share/40ace8a2-9e26-4611-b837-09475ea7c52d	Troubleshooting	GPT-4
21cac4ce	https://chat.openai.com/share/cd07ffba-a996-43bb-a26c-167090d9348f	Synthesis	GPT-3.5
20c7c1f2	https://chat.openai.com/share/9ffe8416-29b0-4652-8cba-d85689fe4e70	Ideation	GPT-3.5
20b42b93	https://chat.openai.com/share/c947b738-ee7d-419c-af90-bc84e90987da	Ideation	GPT-4
205140ca	https://chat.openai.com/share/3727054b-5519-4170-97fa-ba85ecae86ac	Synthesis	GPT-3.5
200fa3bb	https://chat.openai.com/share/a8ebdfcb-a0af-4db0-96ca-06e37ac25964	Understanding	GPT-4
1f890f7d	https://chat.openai.com/share/63b9f510-2ccc-4691-9e2b-3f45dfdd1f2d	Refractoring	GPT-4-GIZMO
1f2bfeb6	https://chat.openai.com/share/6805b199-a9e5-421d-bbd7-5f4b8b3c59bb	Understanding	GPT-4
1ded9b44	https://chat.openai.com/share/af3a11b8-5672-4f12-8982-151970872ce6	Troubleshooting	GPT-4
1d4f9f70	https://chat.openai.com/share/93ed3d48-2e8e-41da-8397-17bcc9b4672c	Troubleshooting	GPT-3.5
1aca4010	https://chat.openai.com/share/3b804a18-c795-41e6-8254-335e340e9347	Synthesis	GPT-3.5
1a6c3e0d	https://chat.openai.com/share/3c59d0ed-8861-4ee7-9d35-abe80b7f6b97	Ideation	GPT-4
1a63f50d	https://chat.openai.com/share/4a9044d5-32d5-486f-a585-b70d97ac6346	Troubleshooting	GPT-4
19d518e0	https://chat.openai.com/share/c148dafe-6660-44e3-8fc6-f1bfb3e7e03d	Refractoring	GPT-3.5
1844b69f	https://chat.openai.com/share/6d2cf27c-1323-4136-942b-81952b7b9380	Synthesis	GPT-3.5
17883abc	https://chat.openai.com/share/127078f3-fc60-415c-8c2e-4b583c36f695	Refractoring	GPT-3.5
161334c3	https://chat.openai.com/share/6471db26-d1aa-4e76-bd69-73206ba70ad4	Troubleshooting	GPT-4
1271c4fc	https://chat.openai.com/share/4c3df48f-27fe-493e-86ac-37124e975a13	Other	GPT-3.5
11aafa12	https://chat.openai.com/share/bdc7c9e5-7e50-452b-a697-5c0518dc3454	Other	GPT-4
10c8300c	https://chat.openai.com/share/51fe5b13-86a1-4ebe-809d-a71d7d284cab	Troubleshooting	GPT-3.5
1028cdb9	https://chat.openai.com/share/e21a8cb8-e8ad-415e-96d6-d2bf9629e052	Ideation	GPT-3.5
1003c9be	https://chat.openai.com/share/95f63b24-fbfb-4a3c-a179-dd74740658ac	Understanding	GPT-4
0fd40ff7	https://chat.openai.com/share/27e5de99-faf3-4e4d-8a4a-0432961d8587	Ideation	GPT-4
0c008807	https://chat.openai.com/share/597dc52e-97d9-4af1-a6a1-861b38675a16	Synthesis	GPT-4-CODE-INTERPRETER
0b9360ca	https://chat.openai.com/share/f30dd8ca-ef1b-4722-a019-d6b866669db1	Ideation	GPT-4
0b1c33d8	https://chat.openai.com/share/b9873d04-5978-489f-8c6b-4b948db7724d	Troubleshooting	GPT-4-CODE-INTERPRETER
0ab221dc	https://chat.openai.com/share/2126f678-76d2-464f-ada1-2d4d3d28b775	Troubleshooting	GPT-4
0aaa25d4	https://chat.openai.com/share/7089929a-32d3-4729-b1f6-40962f5c53c9	Other	GPT-4
0960c48f	https://chat.openai.com/share/5fbe07f4-446c-4f8d-8b42-a30763040c91	Ideation	GPT-3.5
09116d99	https://chat.openai.com/share/e47f1906-932a-485c-8aa3-321970cd7f4a	Synthesis	GPT-4-CODE-INTERPRETER
090634b0	https://chat.openai.com/share/0709fc72-0b64-4ce6-85f6-69690aab8618	Refractoring	GPT-4
089fc0ce	https://chat.openai.com/share/09e00c0d-b9eb-4ba2-ba52-bca3b1b21188	Refractoring	GPT-4O
06b55085	https://chat.openai.com/share/0b88a403-c1fb-480c-9807-f8bed0db5e93	Synthesis	GPT-4
0665a6af	https://chat.openai.com/share/0f7330fd-9663-43b0-9552-61dd2457bf1a	Synthesis	GPT-3.5
034f78a5	https://chat.openai.com/share/c3002890-b16a-4c54-9a27-24419e37fcde	Validation	GPT-4
02e07eda	https://chat.openai.com/share/30317463-1a6f-4354-8810-44cf36ef97ad	Refractoring	GPT-3.5
02bceeb9	https://chat.openai.com/share/23309695-b169-40f1-929a-0de38bbf29f3	Troubleshooting	GPT-3.5
02306fb6	https://chat.openai.com/share/8f2c3f01-02d2-4a19-88f5-15913964c136	Refractoring	GPT-3.5
00855d45	https://chat.openai.com/share/5957a1d5-b470-4d7d-9a95-c368f1841cca	Other	GPT-4
00754aba	https://chat.openai.com/share/6a69c8e7-29de-4b56-9ce2-211dc046fa5c	Validation	GPT-4
88616382	https://chat.openai.com/share/8fd70cd6-703c-4a9c-831c-5793f1c86632	Understanding	GPT-4
85967058	https://chat.openai.com/share/f24a3d0f-8b58-46c5-b65f-5a72a28d4027	Troubleshooting	GPT-4
77936714	https://chat.openai.com/share/720c1c30-6ee6-444b-b3b4-48eaec04bcd4	Synthesis	GPT-3.5
77323195	https://chat.openai.com/share/7c39121a-a5b0-46b8-b623-a95d78d71ef1	Troubleshooting	GPT-4-MOBILE
74845472	https://chat.openai.com/share/0455a2fe-1dd4-483b-86e5-b05e025ad485	Understanding	GPT-4
69730199	https://chat.openai.com/share/425a2879-ccfd-48f4-a359-8c39e073a256	Understanding	GPT-4-CODE-INTERPRETER
43561215	https://chat.openai.com/share/664b626d-8255-429b-8e0a-6390087affd0	Synthesis	GPT-4-CODE-INTERPRETER
7953356	    https://chat.openai.com/share/3cea18f6-7a03-4498-8e94-324f145eebb3	Ideation	GPT-3.5
51740c22	https://chat.openai.com/share/4d07bfe3-72fa-40ff-b476-d26d33cdacee	Ideation	GPT-3.5
4fb61396	https://chat.openai.com/share/e4dfc48b-7b4a-4dc4-881c-93505d5d52d6	Troubleshooting	GPT-3.5
4e80b36g	https://chat.openai.com/share/4a9bc421-35fb-4452-bf93-c8fea1e3c473	Ideation	GPT-4-BROWSING
4e4acbdh	https://chat.openai.com/share/661e5630-4f70-4c60-8c2c-bfbc9f622f0c	Refractoring	GPT-3.5